"Timestamp","Price","Open","High","Low","Vol.","Change %"
"01/20/2026","437.23","436.69","438.14","434.10","21.31M","3.78%"
"01/16/2026","421.29","422.80","424.80","417.04","20.95M","-0.48%"
"01/15/2026","423.33","423.02","425.06","422.79","14.25M","-0.61%"
"01/14/2026","425.94","426.03","426.86","422.84","18.31M","1.02%"
"01/13/2026","421.63","424.59","426.12","420.07","16.68M","-0.14%"
"01/12/2026","422.23","421.52","425.74","421.52","20.90M","1.87%"
"01/09/2026","414.47","413.21","415.29","411.80","14.01M","0.72%"
"01/08/2026","411.49","406.96","411.64","406.40","8.71M","0.55%"
"01/07/2026","409.23","408.63","410.81","406.65","10.59M","-0.96%"
"01/06/2026","413.18","410.67","413.48","410.31","11.64M","1.08%"
"01/05/2026","408.76","406.39","409.72","406.15","13.41M","2.63%"
"01/02/2026","398.28","401.62","401.82","396.25","10.37M","0.50%"
"12/31/2025","396.31","398.60","400.13","395.59","10.19M","-0.65%"
"12/30/2025","398.89","403.60","403.80","398.56","10.18M","0.07%"
"12/29/2025","398.60","403.66","403.76","395.33","20.68M","-4.35%"
"12/26/2025","416.74","416.48","418.45","414.75","10.48M","1.17%"
"12/25/2025","411.93","412.25","411.93","411.93","6.72M","0.00%"
"12/24/2025","411.93","412.25","412.63","408.83","6.72M","-0.41%"
"12/23/2025","413.64","410.30","413.76","407.10","13.19M","1.33%"
"12/22/2025","408.23","406.98","408.52","405.72","14.20M","2.31%"
"12/19/2025","399.02","397.92","400.63","397.17","9.89M","0.11%"
"12/18/2025","398.57","398.28","402.21","396.05","11.84M","-0.18%"
"12/17/2025","399.29","398.08","399.98","397.25","10.46M","0.86%"
"12/16/2025","395.89","397.75","398.71","394.59","9.20M","0.02%"
"12/15/2025","395.80","397.76","398.71","394.07","11.35M","0.09%"
"12/12/2025","395.44","399.15","400.39","391.47","16.79M","0.56%"
"12/11/2025","393.24","389.02","394.09","388.50","11.24M","1.08%"
"12/10/2025","389.05","385.95","389.76","384.50","9.12M","0.43%"
"12/09/2025","387.40","385.62","388.21","385.27","6.36M","0.51%"
"12/08/2025","385.42","387.02","387.24","384.01","6.82M","-0.26%"
"12/05/2025","386.44","389.12","391.73","386.17","9.45M","-0.18%"
"12/04/2025","387.13","386.92","388.00","385.40","6.75M","0.06%"
"12/03/2025","386.88","388.46","390.13","385.83","7.89M","-0.09%"
"12/02/2025","387.24","388.87","388.98","382.91","8.10M","-0.64%"
"12/01/2025","389.75","390.61","390.70","388.06","11.18M","0.48%"
"11/28/2025","387.88","385.98","388.00","384.99","7.18M","1.24%"
"11/26/2025","383.12","381.05","383.77","380.46","9.18M","0.80%"
"11/25/2025","380.08","380.26","382.52","378.06","10.46M","-0.03%"
"11/24/2025","380.20","374.88","380.28","374.19","10.09M","1.58%"
"11/21/2025","374.27","374.02","377.23","372.94","13.19M","-0.15%"
"11/20/2025","374.85","375.29","377.69","371.85","10.51M","-0.03%"
"11/19/2025","374.96","377.77","380.17","373.03","10.98M","0.16%"
"11/18/2025","374.35","374.83","375.54","371.62","7.82M","0.73%"
"11/17/2025","371.65","374.04","375.46","368.52","13.30M","-1.15%"
"11/14/2025","375.96","372.87","378.20","370.89","15.20M","-1.80%"
"11/13/2025","382.87","387.29","388.18","381.21","15.87M","-0.81%"
"11/12/2025","385.99","380.07","387.46","379.44","16.20M","1.61%"
"11/11/2025","379.87","379.98","380.40","376.87","10.75M","0.39%"
"11/10/2025","378.38","375.93","378.66","374.78","13.46M","2.73%"
"11/07/2025","368.31","367.94","370.42","366.42","11.06M","0.61%"
"11/06/2025","366.07","367.16","368.18","364.70","6.89M","-0.12%"
"11/05/2025","366.51","366.39","367.10","364.65","8.36M","1.16%"
"11/04/2025","362.32","363.48","365.74","361.39","11.54M","-1.75%"
"11/03/2025","368.78","368.91","370.84","367.54","7.25M","0.18%"
"10/31/2025","368.12","370.47","370.66","365.50","11.08M","-0.54%"
"10/30/2025","370.13","365.09","370.36","364.50","14.81M","1.96%"
"10/29/2025","363.00","369.65","370.08","361.36","18.89M","-0.38%"
"10/28/2025","364.38","361.81","365.30","360.12","19.26M","-0.72%"
"10/27/2025","367.01","371.13","371.59","365.34","23.66M","-2.78%"
"10/24/2025","377.52","378.51","380.77","376.81","13.26M","-0.34%"
"10/23/2025","378.79","381.46","382.25","378.65","13.70M","0.40%"
"10/22/2025","377.28","372.75","378.47","368.93","30.52M","0.01%"
"10/21/2025","377.24","386.54","388.89","375.65","54.10M","-6.43%"
"10/20/2025","403.15","397.45","403.30","394.20","34.52M","3.64%"
"10/17/2025","388.99","397.14","397.28","385.22","62.02M","-1.88%"
"10/16/2025","396.45","391.15","396.87","390.40","33.62M","2.34%"
"10/15/2025","387.39","385.93","387.76","384.59","20.60M","1.73%"
"10/14/2025","380.79","378.21","382.38","377.90","18.41M","0.71%"
"10/13/2025","378.09","376.50","378.86","375.58","18.51M","2.43%"
"10/10/2025","369.12","367.54","370.31","365.44","24.19M","1.01%"
"10/09/2025","365.43","373.14","373.22","362.83","33.67M","-1.85%"
"10/08/2025","372.30","371.65","373.57","370.50","28.05M","1.65%"
"10/07/2025","366.26","366.51","367.27","364.55","16.84M","0.52%"
"10/06/2025","364.38","362.16","365.30","361.37","17.09M","1.88%"
"10/03/2025","357.64","357.12","358.14","355.80","14.46M","0.80%"
"10/02/2025","354.79","358.26","358.67","351.40","16.16M","-0.35%"
"10/01/2025","356.03","356.17","356.97","354.79","15.57M","0.16%"
"09/30/2025","355.47","351.13","355.57","350.86","13.31M","0.85%"
"09/29/2025","352.46","351.79","352.83","351.28","15.72M","1.65%"
"09/26/2025","346.74","345.83","348.25","345.31","11.70M","0.58%"
"09/25/2025","344.75","344.39","345.83","342.47","12.64M","0.42%"
"09/24/2025","343.32","346.70","346.83","342.14","12.71M","-0.91%"
"09/23/2025","346.46","348.23","348.75","345.32","18.38M","0.41%"
"09/22/2025","345.05","342.75","345.07","341.84","12.39M","1.73%"
"09/19/2025","339.18","336.51","339.23","336.31","14.98M","1.06%"
"09/18/2025","335.62","336.22","336.32","333.81","14.91M","-0.40%"
"09/17/2025","336.97","338.53","341.24","335.52","16.54M","-0.77%"
"09/16/2025","339.59","340.09","340.88","338.62","12.16M","0.20%"
"09/15/2025","338.91","336.31","339.28","336.23","10.57M","1.04%"
"09/12/2025","335.42","335.88","336.39","335.23","9.62M","0.20%"
"09/11/2025","334.76","333.37","335.16","332.97","9.08M","-0.15%"
"09/10/2025","335.26","335.73","336.50","326.19","11.95M","0.36%"
"09/09/2025","334.06","337.03","338.31","333.85","21.64M","-0.23%"
"09/08/2025","334.82","333.66","335.67","333.23","18.62M","1.14%"
"09/05/2025","331.05","329.53","331.44","328.93","16.07M","1.33%"
"09/04/2025","326.69","327.03","327.56","325.35","11.70M","-0.44%"
"09/03/2025","328.14","327.76","329.45","326.73","16.06M","0.78%"
"09/02/2025","325.59","320.82","325.92","320.24","21.25M","2.36%"
"08/29/2025","318.07","314.72","318.09","314.64","15.64M","0.96%"
"08/28/2025","315.03","313.32","315.08","313.07","9.61M","0.74%"
"08/27/2025","312.71","311.39","312.91","310.77","4.32M","0.20%"
"08/26/2025","312.08","310.62","312.21","310.30","11.70M","0.73%"
"08/25/2025","309.83","309.67","310.84","309.67","4.04M","-0.24%"
"08/22/2025","310.58","306.52","311.02","306.43","8.53M","1.07%"
"08/21/2025","307.29","307.86","308.15","307.03","4.81M","-0.35%"
"08/20/2025","308.36","307.54","308.47","307.40","6.52M","1.01%"
"08/19/2025","305.27","306.76","307.48","305.19","5.03M","-0.55%"
"08/18/2025","306.95","307.79","307.89","306.63","6.15M","-0.16%"
"08/15/2025","307.43","307.34","308.00","306.87","5.99M","0.06%"
"08/14/2025","307.25","307.92","308.34","306.52","5.82M","-0.63%"
"08/13/2025","309.21","309.10","310.39","308.45","4.72M","0.30%"
"08/12/2025","308.27","308.22","309.30","306.71","9.70M","-0.09%"
"08/11/2025","308.55","308.62","309.66","307.63","10.33M","-1.44%"
"08/08/2025","313.05","312.35","313.53","311.00","19.89M","-0.02%"
"08/07/2025","313.12","311.72","313.14","310.70","10.89M","0.84%"
"08/06/2025","310.50","310.32","311.24","309.84","7.42M","-0.21%"
"08/05/2025","311.16","310.37","312.24","310.22","7.00M","0.08%"
"08/04/2025","310.91","310.80","311.74","310.37","7.64M","0.58%"
"08/01/2025","309.11","308.61","309.55","307.45","12.84M","2.03%"
"07/31/2025","302.96","304.59","304.61","302.86","8.98M","0.66%"
"07/30/2025","300.96","304.42","304.65","300.95","13.46M","-1.73%"
"07/29/2025","306.25","305.80","307.03","304.98","5.74M","0.28%"
"07/28/2025","305.41","306.44","306.58","304.05","9.28M","-0.65%"
"07/25/2025","307.40","307.82","308.31","306.20","9.38M","-0.92%"
"07/24/2025","310.27","309.29","310.99","309.06","7.70M","-0.61%"
"07/23/2025","312.18","314.00","314.96","311.42","10.55M","-1.24%"
"07/22/2025","316.10","314.48","316.24","313.62","13.69M","0.95%"
"07/21/2025","313.13","311.88","313.31","311.61","11.00M","1.54%"
"07/18/2025","308.39","309.24","309.37","308.32","5.57M","0.26%"
"07/17/2025","307.59","305.50","307.67","305.12","6.64M","-0.22%"
"07/16/2025","308.26","307.11","311.09","305.73","17.69M","0.50%"
"07/15/2025","306.73","307.73","308.74","305.79","8.15M","-0.42%"
"07/14/2025","308.01","309.07","309.38","307.73","5.77M","-0.37%"
"07/11/2025","309.14","308.86","310.28","308.52","9.19M","0.96%"
"07/10/2025","306.20","306.11","306.51","304.82","7.06M","0.22%"
"07/09/2025","305.52","303.58","305.54","303.23","10.64M","0.45%"
"07/08/2025","304.16","306.30","306.45","302.77","11.84M","-1.04%"
"07/07/2025","307.37","305.07","307.70","304.53","7.35M","0.07%"
"07/03/2025","307.14","307.05","307.57","306.15","5.28M","-0.68%"
"07/02/2025","309.25","308.04","309.39","306.96","8.32M","0.55%"
"07/01/2025","307.55","308.55","309.00","307.36","9.34M","0.89%"
"06/30/2025","304.83","302.39","304.92","301.95","8.19M","1.20%"
"06/27/2025","301.22","300.03","302.36","299.89","13.30M","-1.81%"
"06/26/2025","306.78","305.77","307.28","304.86","6.79M","-0.11%"
"06/25/2025","307.12","305.31","307.36","305.12","6.73M","0.30%"
"06/24/2025","306.19","305.07","306.34","303.54","12.04M","-1.57%"
"06/23/2025","311.08","310.34","312.67","310.31","12.69M","0.31%"
"06/20/2025","310.13","309.33","310.89","309.25","8.79M","-0.04%"
"06/18/2025","310.26","312.89","312.98","309.86","9.37M","-0.54%"
"06/17/2025","311.94","312.66","313.00","310.12","8.23M","0.05%"
"06/16/2025","311.78","314.80","314.87","311.65","12.85M","-1.43%"
"06/13/2025","316.29","317.26","317.60","315.04","16.59M","1.31%"
"06/12/2025","312.20","311.74","313.10","311.15","11.53M","1.24%"
"06/11/2025","308.37","307.50","308.61","305.85","9.25M","0.54%"
"06/10/2025","306.71","308.31","308.60","305.87","7.07M","0.03%"
"06/09/2025","306.62","305.39","307.61","305.06","7.16M","0.47%"
"06/06/2025","305.18","309.09","309.20","305.10","7.79M","-1.34%"
"06/05/2025","309.33","311.24","312.20","307.65","10.86M","-0.50%"
"06/04/2025","310.90","309.41","311.88","308.74","7.46M","0.64%"
"06/03/2025","308.91","309.56","309.56","307.15","9.32M","-0.89%"
"06/02/2025","311.67","309.21","311.72","308.72","13.59M","2.66%"
"05/30/2025","303.60","303.64","304.02","301.50","9.55M","-0.66%"
"05/29/2025","305.61","305.74","306.89","304.46","9.50M","0.59%"
"05/28/2025","303.81","304.64","304.99","303.06","8.80M","-0.23%"
"05/27/2025","304.50","303.81","304.88","302.74","9.58M","-1.69%"
"05/23/2025","309.75","308.86","310.25","307.47","13.34M","2.19%"
"05/22/2025","303.11","305.09","305.28","302.10","9.70M","-0.89%"
"05/21/2025","305.82","304.55","306.46","303.67","12.41M","0.74%"
"05/20/2025","303.58","298.35","303.68","298.30","12.85M","1.86%"
"05/19/2025","298.03","297.85","298.58","296.48","11.66M","1.29%"
"05/16/2025","294.24","292.62","294.58","291.78","14.17M","-1.21%"
"05/15/2025","297.84","294.10","297.90","293.75","13.50M","1.60%"
"05/14/2025","293.16","293.67","294.80","291.96","14.80M","-2.10%"
"05/13/2025","299.46","299.02","300.30","297.24","10.23M","0.43%"
"05/12/2025","298.19","298.33","299.47","296.82","14.38M","-2.82%"
"05/09/2025","306.84","307.79","308.57","306.01","6.91M","0.73%"
"05/08/2025","304.63","309.76","310.48","303.05","11.93M","-1.97%"
"05/07/2025","310.75","312.10","313.26","310.08","7.91M","-1.50%"
"05/06/2025","315.48","313.12","315.62","311.40","11.45M","2.80%"
"05/05/2025","306.88","305.92","307.65","304.67","8.92M","2.99%"
"05/02/2025","297.98","300.17","300.85","297.03","8.68M","0.17%"
"05/01/2025","297.46","297.41","297.94","295.32","14.97M","-2.08%"
"04/30/2025","303.77","304.61","306.07","303.44","8.33M","-0.75%"
"04/29/2025","306.06","305.81","306.95","304.00","6.85M","-0.97%"
"04/28/2025","309.07","304.15","309.11","302.97","9.38M","1.42%"
"04/25/2025","304.73","301.78","305.37","301.01","10.69M","-1.08%"
"04/24/2025","308.07","306.98","308.49","304.71","10.84M","1.46%"
"04/23/2025","303.65","304.18","304.74","300.59","25.42M","-2.40%"
"04/22/2025","311.11","317.49","317.63","310.36","35.24M","-1.42%"
"04/21/2025","315.59","315.02","316.41","313.95","20.37M","3.09%"
"04/17/2025","306.12","306.31","307.13","302.73","18.29M","-0.44%"
"04/16/2025","307.47","304.65","308.06","303.80","20.78M","3.25%"
"04/15/2025","297.78","296.93","298.02","296.09","7.92M","0.52%"
"04/14/2025","296.23","295.54","296.58","294.53","12.43M","-0.57%"
"04/11/2025","297.93","297.96","299.27","296.81","21.08M","1.91%"
"04/10/2025","292.35","288.80","292.86","287.23","19.84M","2.44%"
"04/09/2025","285.38","282.22","285.87","281.04","25.34M","3.70%"
"04/08/2025","275.20","277.87","278.32","274.24","12.64M","0.54%"
"04/07/2025","273.71","278.86","280.14","272.58","19.81M","-2.15%"
"04/04/2025","279.72","283.64","284.03","278.02","21.52M","-2.34%"
"04/03/2025","286.42","282.78","289.09","282.45","20.52M","-0.60%"
"04/02/2025","288.16","288.28","289.03","287.36","11.07M","0.21%"
"04/01/2025","287.57","288.54","289.13","285.91","15.92M","-0.20%"
"03/31/2025","288.14","287.53","288.39","285.85","13.93M","1.44%"
"03/28/2025","284.06","283.82","284.64","282.86","9.56M","0.74%"
"03/27/2025","281.97","280.55","282.07","279.59","8.48M","1.34%"
"03/26/2025","278.24","278.93","279.02","277.78","3.74M","-0.08%"
"03/25/2025","278.47","278.78","279.96","278.27","5.09M","0.44%"
"03/24/2025","277.25","278.91","279.09","276.86","7.87M","-0.45%"
"03/21/2025","278.49","279.46","279.46","276.59","9.36M","-0.80%"
"03/20/2025","280.75","279.49","280.90","279.43","5.86M","-0.13%"
"03/19/2025","281.11","279.85","281.48","279.06","8.82M","0.41%"
"03/18/2025","279.96","279.90","280.21","278.97","9.60M","1.17%"
"03/17/2025","276.73","275.54","276.79","275.39","8.58M","0.54%"
"03/14/2025","275.24","276.27","276.30","274.66","13.36M","0.04%"
"03/13/2025","275.13","271.57","275.35","271.55","13.74M","1.78%"
"03/12/2025","270.33","268.47","271.23","268.36","7.24M","0.43%"
"03/11/2025","269.16","268.47","269.73","268.44","8.44M","1.17%"
"03/10/2025","266.04","267.62","268.44","265.64","7.59M","-0.88%"
"03/07/2025","268.39","269.09","270.34","267.64","10.43M","0.05%"
"03/06/2025","268.25","268.25","269.51","268.16","6.14M","-0.51%"
"03/05/2025","269.62","267.97","270.26","267.96","6.99M","0.21%"
"03/04/2025","269.06","269.01","269.40","267.52","8.48M","0.87%"
"03/03/2025","266.74","265.07","266.88","265.07","7.73M","1.32%"
"02/28/2025","263.27","262.55","263.40","261.25","11.50M","-0.63%"
"02/27/2025","264.93","266.49","266.67","264.45","9.37M","-1.52%"
"02/26/2025","269.03","267.08","269.08","266.66","7.28M","0.15%"
"02/25/2025","268.62","271.46","271.68","266.45","10.08M","-1.32%"
"02/24/2025","272.21","271.45","272.32","270.38","5.37M","0.54%"
"02/21/2025","270.74","270.80","271.51","269.51","8.92M","-0.09%"
"02/20/2025","270.99","270.23","271.84","270.17","7.36M","0.05%"
"02/19/2025","270.85","270.68","271.33","269.24","9.34M","0.06%"
"02/18/2025","270.70","269.68","271.01","269.60","8.19M","1.66%"
"02/14/2025","266.29","270.07","270.21","265.45","11.55M","-1.49%"
"02/13/2025","270.31","268.40","270.39","268.22","8.35M","0.99%"
"02/12/2025","267.67","267.15","268.43","266.35","9.33M","0.10%"
"02/11/2025","267.39","267.70","268.36","266.71","7.17M","-0.37%"
"02/10/2025","268.37","268.00","268.66","267.24","13.25M","1.69%"
"02/07/2025","263.90","265.22","266.35","263.26","9.15M","0.18%"
"02/06/2025","263.43","263.66","263.72","261.49","8.73M","-0.27%"
"02/05/2025","264.13","264.45","265.99","263.89","12.68M","0.62%"
"02/04/2025","262.50","261.83","262.54","261.35","9.85M","0.98%"
"02/03/2025","259.94","259.75","261.39","259.52","11.52M","0.53%"
"01/31/2025","258.56","259.08","259.99","257.86","8.97M","0.20%"
"01/30/2025","258.05","257.20","258.29","256.45","12.98M","1.51%"
"01/29/2025","254.20","254.55","254.82","253.30","5.67M","-0.38%"
"01/28/2025","255.18","254.23","255.25","253.89","5.33M","0.87%"
"01/27/2025","252.99","253.86","254.26","251.92","5.80M","-1.04%"
"01/24/2025","255.65","255.96","257.07","255.61","7.34M","0.62%"
"01/23/2025","254.07","253.19","254.54","252.82","6.51M","-0.14%"
"01/22/2025","254.43","254.29","254.68","253.78","5.21M","0.51%"
"01/21/2025","253.13","251.95","253.36","251.83","7.67M","1.55%"
"01/17/2025","249.27","249.70","250.81","249.15","8.31M","-0.53%"
"01/16/2025","250.60","250.56","251.39","250.27","9.24M","0.69%"
"01/15/2025","248.88","248.21","248.90","247.01","6.34M","0.75%"
"01/14/2025","247.03","245.62","247.04","245.52","4.91M","0.52%"
"01/13/2025","245.74","246.34","246.79","245.15","8.45M","-1.00%"
"01/10/2025","248.21","248.01","249.04","247.55","12.38M","0.96%"
"01/08/2025","245.86","245.72","246.45","244.51","6.30M","0.53%"
"01/07/2025","244.56","245.52","245.77","243.81","5.09M","0.56%"
"01/06/2025","243.19","242.33","243.79","242.05","3.76M","-0.12%"
"01/03/2025","243.49","244.56","244.82","243.36","4.88M","-0.79%"
"01/02/2025","245.42","244.22","245.53","244.08","6.24M","1.36%"
"12/31/2024","242.13","241.05","242.52","241.05","2.52M","0.62%"
"12/30/2024","240.63","241.08","241.08","239.58","3.52M","-0.32%"
"12/27/2024","241.40","241.20","241.95","241.05","4.73M","-0.69%"
"12/26/2024","243.07","242.39","243.56","242.20","4.65M","0.68%"
"12/24/2024","241.44","241.49","241.66","240.82","2.42M","0.20%"
"12/23/2024","240.96","241.60","241.67","240.65","5.84M","-0.47%"
"12/20/2024","242.10","241.41","242.96","241.17","9.53M","1.04%"
"12/19/2024","239.60","239.67","240.05","238.73","8.11M","0.14%"
"12/18/2024","239.26","243.57","243.71","238.82","8.02M","-1.92%"
"12/17/2024","243.94","243.80","244.55","243.23","4.42M","-0.38%"
"12/16/2024","244.88","245.41","245.54","244.29","3.31M","0.24%"
"12/13/2024","244.29","245.67","245.94","244.27","6.60M","-1.21%"
"12/12/2024","247.28","247.81","248.24","246.87","10.15M","-1.47%"
"12/11/2024","250.96","249.35","251.26","248.97","11.03M","0.95%"
"12/10/2024","248.59","247.86","248.86","247.83","4.64M","1.32%"
"12/09/2024","245.36","246.28","247.11","245.26","4.71M","0.99%"
"12/06/2024","242.95","242.79","243.86","242.43","3.54M","0.04%"
"12/05/2024","242.86","244.16","244.38","242.15","4.81M","-0.74%"
"12/04/2024","244.67","244.93","245.34","244.37","4.61M","0.30%"
"12/03/2024","243.93","244.96","245.18","243.30","3.56M","0.20%"
"12/02/2024","243.44","244.46","244.58","243.14","4.77M","-0.88%"
"11/29/2024","245.59","245.25","245.81","244.73","2.71M","0.86%"
"11/27/2024","243.49","244.85","245.18","243.20","6.93M","0.22%"
"11/26/2024","242.95","242.71","243.09","241.58","4.95M","0.19%"
"11/25/2024","242.48","244.27","244.40","241.48","10.73M","-2.95%"
"11/22/2024","249.84","248.20","250.39","247.86","7.50M","1.29%"
"11/21/2024","246.66","246.23","246.81","245.69","7.65M","0.83%"
"11/20/2024","244.62","243.74","245.21","243.51","6.63M","0.56%"
"11/19/2024","243.25","242.75","243.31","242.03","6.58M","0.90%"
"11/18/2024","241.09","240.46","241.49","240.45","6.51M","1.90%"
"11/15/2024","236.59","237.57","237.88","236.33","7.30M","-0.18%"
"11/14/2024","237.01","236.57","237.99","236.13","8.26M","-0.26%"
"11/13/2024","237.63","241.31","241.47","237.59","8.43M","-1.01%"
"11/12/2024","240.05","241.29","241.66","239.39","10.15M","-0.86%"
"11/11/2024","242.14","242.73","242.73","241.06","11.65M","-2.35%"
"11/08/2024","247.96","249.07","249.35","247.78","6.27M","-0.68%"
"11/07/2024","249.65","248.29","250.24","248.12","8.82M","1.61%"
"11/06/2024","245.70","245.63","247.35","244.95","14.60M","-3.04%"
"11/05/2024","253.40","253.78","253.99","252.41","6.03M","0.23%"
"11/04/2024","252.83","253.32","253.58","252.27","4.58M","0.14%"
"11/01/2024","252.47","254.33","254.86","252.43","6.47M","-0.41%"
"10/31/2024","253.51","255.52","255.60","252.20","9.93M","-1.55%"
"10/30/2024","257.50","256.76","257.71","255.91","6.39M","0.55%"
"10/29/2024","256.09","254.49","256.29","254.23","8.88M","1.09%"
"10/28/2024","253.33","253.01","253.63","252.95","4.03M","0.00%"
"10/25/2024","253.32","252.00","253.55","251.77","4.42M","0.21%"
"10/24/2024","252.80","253.27","253.32","251.40","5.96M","0.77%"
"10/23/2024","250.87","253.08","253.18","250.20","8.08M","-1.21%"
"10/22/2024","253.93","253.06","253.94","252.52","5.76M","1.08%"
"10/21/2024","251.22","252.74","253.14","250.73","9.26M","-0.02%"
"10/18/2024","251.27","250.00","251.37","249.90","7.83M","1.06%"
"10/17/2024","248.63","247.75","249.06","247.62","5.18M","0.60%"
"10/16/2024","247.15","247.62","248.09","246.36","5.43M","0.50%"
"10/15/2024","245.92","244.99","246.55","244.53","5.64M","0.35%"
"10/14/2024","245.07","245.16","245.86","244.26","3.92M","-0.16%"
"10/11/2024","245.47","244.50","245.92","244.47","5.79M","1.09%"
"10/10/2024","242.82","241.77","243.02","241.51","4.79M","0.73%"
"10/09/2024","241.05","241.16","241.84","240.64","4.12M","-0.54%"
"10/08/2024","242.37","243.79","244.04","240.63","7.67M","-0.74%"
"10/07/2024","244.17","244.58","244.82","243.81","3.85M","-0.34%"
"10/04/2024","245.00","245.00","246.69","244.04","5.95M","-0.20%"
"10/03/2024","245.49","244.72","245.91","243.69","5.67M","-0.07%"
"10/02/2024","245.66","245.61","246.07","243.99","6.80M","0.02%"
"10/01/2024","245.61","245.20","246.98","245.06","10.61M","1.05%"
"09/30/2024","243.06","243.97","244.08","242.50","6.92M","-0.80%"
"09/27/2024","245.02","246.31","246.75","244.19","8.33M","-0.79%"
"09/26/2024","246.98","246.44","247.37","245.19","7.04M","0.51%"
"09/25/2024","245.73","246.19","246.47","244.79","7.39M","-0.14%"
"09/24/2024","246.07","243.39","246.19","243.15","8.39M","1.40%"
"09/23/2024","242.68","242.97","243.46","242.59","5.43M","0.19%"
"09/20/2024","242.21","241.11","242.63","240.47","7.74M","1.27%"
"09/19/2024","239.17","238.24","239.51","237.39","6.11M","1.55%"
"09/18/2024","235.51","238.19","240.29","235.30","11.08M","-0.77%"
"09/17/2024","237.34","238.08","238.60","236.61","5.26M","-0.55%"
"09/16/2024","238.66","238.73","239.28","238.05","4.71M","-0.01%"
"09/13/2024","238.68","238.13","238.98","237.76","7.46M","0.99%"
"09/12/2024","236.33","234.63","236.45","234.42","9.94M","1.76%"
"09/11/2024","232.25","231.72","232.87","231.09","4.64M","-0.16%"
"09/10/2024","232.62","232.39","232.74","231.12","4.38M","0.44%"
"09/09/2024","231.60","231.26","231.62","230.39","3.55M","0.42%"
"09/06/2024","230.63","231.83","232.76","229.62","6.32M","-0.74%"
"09/05/2024","232.35","232.72","232.89","231.33","4.84M","0.83%"
"09/04/2024","230.43","229.79","231.06","229.38","4.70M","0.06%"
"09/03/2024","230.29","230.38","230.54","228.52","6.42M","-0.43%"
"08/30/2024","231.29","232.53","232.86","230.55","5.74M","-0.71%"
"08/29/2024","232.95","231.95","233.61","231.92","5.52M","0.52%"
"08/28/2024","231.75","232.00","232.02","230.73","4.96M","-0.70%"
"08/27/2024","233.39","231.69","233.47","231.57","4.44M","0.27%"
"08/26/2024","232.76","233.45","233.50","232.06","3.15M","0.32%"
"08/23/2024","232.02","231.04","232.73","230.52","5.42M","1.16%"
"08/22/2024","229.37","230.35","230.38","228.26","5.77M","-1.20%"
"08/21/2024","232.15","231.69","232.87","230.48","5.34M","-0.13%"
"08/20/2024","232.46","233.71","234.01","231.13","9.07M","0.37%"
"08/19/2024","231.61","230.15","231.78","229.74","5.16M","-0.16%"
"08/16/2024","231.99","229.99","232.02","229.01","11.92M","2.24%"
"08/15/2024","226.91","226.51","227.50","225.12","5.27M","0.31%"
"08/14/2024","226.20","226.55","227.48","225.35","5.46M","-0.82%"
"08/13/2024","228.06","228.07","228.87","227.59","6.74M","-0.15%"
"08/12/2024","228.41","226.14","228.54","225.96","5.56M","1.71%"
"08/09/2024","224.56","224.82","225.28","223.82","4.44M","0.25%"
"08/08/2024","224.01","222.73","224.25","222.51","6.33M","1.57%"
"08/07/2024","220.55","221.94","222.31","220.35","5.29M","-0.07%"
"08/06/2024","220.70","221.50","222.14","220.11","14.36M","-0.80%"
"08/05/2024","222.48","220.56","223.10","220.24","8.94M","-1.27%"
"08/02/2024","225.34","227.95","228.76","222.87","11.11M","-0.19%"
"08/01/2024","225.77","226.74","227.57","225.05","7.22M","-0.34%"
"07/31/2024","226.55","223.73","226.60","223.64","7.32M","1.81%"
"07/30/2024","222.52","221.41","222.92","220.35","4.94M","1.00%"
"07/29/2024","220.32","221.26","221.55","219.04","4.67M","-0.14%"
"07/26/2024","220.63","219.96","221.04","219.70","6.33M","1.05%"
"07/25/2024","218.33","219.02","219.26","217.52","9.78M","-1.56%"
"07/24/2024","221.80","223.47","224.88","221.74","6.84M","-0.35%"
"07/23/2024","222.58","222.34","222.75","221.86","4.44M","0.35%"
"07/22/2024","221.80","221.58","221.92","220.40","5.33M","0.03%"
"07/19/2024","221.73","221.52","222.68","221.41","8.67M","-1.79%"
"07/18/2024","225.78","227.71","228.32","225.57","5.49M","-0.64%"
"07/17/2024","227.23","228.79","229.65","226.67","8.62M","-0.46%"
"07/16/2024","228.29","225.45","228.29","225.30","11.07M","1.99%"
"07/15/2024","223.83","223.39","225.59","223.02","5.72M","0.32%"
"07/12/2024","223.11","222.03","223.62","221.86","5.18M","-0.06%"
"07/11/2024","223.25","222.65","224.15","221.48","9.32M","1.77%"
"07/10/2024","219.36","220.14","220.71","219.16","5.56M","0.37%"
"07/09/2024","218.56","218.57","219.29","217.26","3.90M","0.17%"
"07/08/2024","218.19","219.64","220.04","217.41","5.79M","-1.24%"
"07/05/2024","220.93","219.58","221.28","219.58","5.95M","1.35%"
"07/03/2024","217.99","217.34","218.74","217.33","5.06M","1.13%"
"07/02/2024","215.56","215.33","216.08","214.62","4.92M","0.00%"
"07/01/2024","215.57","215.25","216.00","214.49","3.80M","0.26%"
"06/28/2024","215.01","215.64","215.81","214.82","3.96M","0.01%"
"06/27/2024","214.99","214.71","215.50","214.45","4.98M","1.13%"
"06/26/2024","212.58","212.39","213.11","212.12","4.69M","-0.92%"
"06/25/2024","214.56","214.96","215.31","214.12","3.85M","-0.50%"
"06/24/2024","215.63","215.55","215.94","215.20","4.63M","0.40%"
"06/21/2024","214.78","217.83","217.90","214.26","8.94M","-1.55%"
"06/20/2024","218.16","216.32","218.74","216.15","7.29M","1.25%"
"06/18/2024","215.47","214.38","215.83","214.04","4.92M","0.40%"
"06/17/2024","214.61","214.90","215.24","213.60","3.88M","-0.52%"
"06/14/2024","215.73","215.34","216.04","214.98","7.08M","1.30%"
"06/13/2024","212.97","214.44","214.96","212.26","5.86M","-0.82%"
"06/12/2024","214.72","216.47","216.55","214.20","5.91M","0.27%"
"06/11/2024","214.15","213.95","214.38","213.24","4.00M","0.29%"
"06/10/2024","213.54","213.13","214.02","212.76","4.22M","0.92%"
"06/07/2024","211.60","215.07","215.19","211.54","12.20M","-3.57%"
"06/06/2024","219.43","218.36","219.97","218.10","5.28M","0.74%"
"06/05/2024","217.82","216.69","218.08","215.93","5.48M","1.18%"
"06/04/2024","215.27","216.24","216.24","214.20","5.51M","-0.90%"
"06/03/2024","217.22","215.92","217.82","215.54","6.17M","0.89%"
"05/31/2024","215.30","217.77","217.96","214.65","5.62M","-0.59%"
"05/30/2024","216.57","216.69","217.51","216.41","3.07M","0.19%"
"05/29/2024","216.16","216.92","217.16","216.12","4.18M","-0.93%"
"05/28/2024","218.19","218.43","218.59","217.21","3.81M","1.05%"
"05/24/2024","215.92","216.96","217.21","215.74","4.21M","0.09%"
"05/23/2024","215.72","218.78","219.23","215.66","9.54M","-1.99%"
"05/22/2024","220.11","223.09","223.24","219.74","8.90M","-1.84%"
"05/21/2024","224.23","224.77","225.21","223.70","4.00M","-0.15%"
"05/20/2024","224.56","223.79","225.66","223.02","5.99M","0.40%"
"05/17/2024","223.66","222.18","223.85","221.67","10.48M","1.65%"
"05/16/2024","220.03","220.14","220.59","219.41","4.30M","-0.39%"
"05/15/2024","220.89","219.06","221.19","217.65","9.30M","1.28%"
"05/14/2024","218.09","217.31","218.38","216.98","4.66M","0.85%"
"05/13/2024","216.26","217.06","217.31","215.80","4.90M","-1.12%"
"05/10/2024","218.71","219.22","219.60","218.08","8.70M","0.81%"
"05/09/2024","216.95","214.48","216.95","214.44","7.73M","1.58%"
"05/08/2024","213.58","213.62","214.80","213.50","4.46M","-0.29%"
"05/07/2024","214.21","214.52","214.93","213.88","5.66M","-0.46%"
"05/06/2024","215.20","215.14","215.91","214.47","6.84M","1.05%"
"05/03/2024","212.96","212.89","213.23","210.71","8.68M","-0.08%"
"05/02/2024","213.13","211.90","213.71","211.49","6.29M","-0.31%"
"05/01/2024","213.79","212.96","215.50","212.41","10.37M","0.91%"
"04/30/2024","211.87","213.38","214.13","211.80","11.25M","-1.99%"
"04/29/2024","216.18","216.02","217.21","215.25","6.41M","-0.20%"
"04/26/2024","216.62","216.77","217.07","215.53","6.27M","0.32%"
"04/25/2024","215.92","214.47","217.05","214.34","6.61M","0.60%"
"04/24/2024","214.64","214.76","216.35","214.36","5.74M","-0.19%"
"04/23/2024","215.04","213.96","215.86","213.87","10.73M","-0.25%"
"04/22/2024","215.57","216.35","216.96","215.14","13.40M","-2.47%"
"04/19/2024","221.03","220.49","222.36","220.08","8.69M","0.31%"
"04/18/2024","220.34","221.31","221.46","219.31","6.50M","0.34%"
"04/17/2024","219.59","221.05","221.76","218.52","11.52M","-0.74%"
"04/16/2024","221.22","220.18","221.99","218.78","10.75M","0.12%"
"04/15/2024","220.95","217.94","221.03","215.16","13.24M","1.87%"
"04/12/2024","216.89","221.87","225.09","216.02","30.90M","-1.32%"
"04/11/2024","219.80","216.85","219.84","215.89","11.42M","1.94%"
"04/10/2024","215.61","215.37","217.78","214.68","13.32M","-0.95%"
"04/09/2024","217.67","217.81","218.86","216.45","13.08M","0.55%"
"04/08/2024","216.48","215.98","216.81","214.61","10.33M","0.62%"
"04/05/2024","215.14","212.49","215.74","212.22","13.38M","1.71%"
"04/04/2024","211.52","212.00","213.45","211.02","12.31M","-0.57%"
"04/03/2024","212.74","210.57","212.83","210.30","11.42M","0.88%"
"04/02/2024","210.89","209.07","211.03","208.36","13.42M","1.48%"
"04/01/2024","207.82","208.68","208.73","206.29","13.68M","1.02%"
"03/28/2024","205.72","204.54","206.05","203.87","9.19M","1.29%"
"03/27/2024","203.10","202.32","203.22","202.32","6.04M","0.72%"
"03/26/2024","201.64","202.65","202.76","201.07","5.75M","0.32%"
"03/25/2024","200.99","201.19","201.95","200.96","4.03M","0.32%"
"03/22/2024","200.35","201.32","201.86","199.71","6.92M","-0.80%"
"03/21/2024","201.97","203.88","203.92","200.60","7.40M","-0.10%"
"03/20/2024","202.18","199.16","202.66","199.12","9.59M","1.19%"
"03/19/2024","199.80","199.62","199.81","198.93","4.66M","-0.11%"
"03/18/2024","200.03","199.66","200.15","199.51","7.21M","0.16%"
"03/15/2024","199.71","199.94","200.63","199.57","4.56M","-0.32%"
"03/14/2024","200.35","200.37","200.47","199.34","6.87M","-0.42%"
"03/13/2024","201.19","200.44","201.86","200.35","5.93M","0.70%"
"03/12/2024","199.79","200.42","200.63","199.16","9.44M","-1.09%"
"03/11/2024","202.00","201.71","202.41","201.46","7.33M","0.18%"
"03/08/2024","201.63","200.89","203.30","200.45","13.54M","0.85%"
"03/07/2024","199.94","199.54","200.11","198.91","8.40M","0.57%"
"03/06/2024","198.81","198.08","199.30","197.44","10.46M","0.82%"
"03/05/2024","197.19","197.44","198.14","196.65","9.67M","0.60%"
"03/04/2024","196.01","194.15","196.33","193.88","12.22M","1.62%"
"03/01/2024","192.89","190.27","193.40","189.44","13.41M","1.89%"
"02/29/2024","189.31","189.64","189.92","189.23","6.85M","0.52%"
"02/28/2024","188.34","188.34","188.52","188.03","2.82M","0.18%"
"02/27/2024","188.00","188.58","188.72","187.88","5.17M","-0.11%"
"02/26/2024","188.20","187.79","188.36","187.53","4.49M","-0.22%"
"02/23/2024","188.62","187.56","189.18","187.46","6.83M","0.57%"
"02/22/2024","187.56","187.56","187.64","187.05","4.55M","0.04%"
"02/21/2024","187.48","187.88","188.04","187.10","5.79M","0.01%"
"02/20/2024","187.47","187.96","188.03","187.40","5.53M","0.61%"
"02/16/2024","186.34","185.08","186.67","184.84","6.52M","0.37%"
"02/15/2024","185.66","185.60","186.02","185.10","6.23M","0.67%"
"02/14/2024","184.42","184.27","184.88","183.78","7.03M","-0.06%"
"02/13/2024","184.53","185.35","185.38","184.33","9.53M","-1.38%"
"02/12/2024","187.11","186.60","187.27","186.36","4.71M","-0.26%"
"02/09/2024","187.60","187.56","187.77","187.14","4.41M","-0.39%"
"02/08/2024","188.33","187.91","188.53","187.82","3.87M","-0.09%"
"02/07/2024","188.50","188.45","189.39","188.28","6.28M","-0.03%"
"02/06/2024","188.55","187.94","188.85","187.74","4.87M","0.52%"
"02/05/2024","187.57","186.88","187.82","186.70","5.44M","-0.55%"
"02/02/2024","188.61","188.07","188.87","187.85","7.34M","-0.95%"
"02/01/2024","190.41","189.71","191.36","188.99","10.28M","1.04%"
"01/31/2024","188.45","189.37","190.46","188.13","7.89M","-0.07%"
"01/30/2024","188.59","189.70","189.83","187.98","4.98M","0.14%"
"01/29/2024","188.33","188.31","188.54","187.19","5.63M","0.71%"
"01/26/2024","187.01","187.27","187.38","186.76","5.06M","-0.07%"
"01/25/2024","187.14","187.34","187.64","186.46","4.65M","0.40%"
"01/24/2024","186.40","188.33","188.37","186.32","6.09M","-0.82%"
"01/23/2024","187.95","187.45","188.15","187.28","5.04M","0.39%"
"01/22/2024","187.22","187.23","187.76","186.85","4.40M","-0.38%"
"01/19/2024","187.93","188.26","188.30","187.44","5.72M","0.30%"
"01/18/2024","187.37","186.36","187.40","186.30","4.69M","0.82%"
"01/17/2024","185.84","187.31","187.42","185.45","8.64M","-1.10%"
"01/16/2024","187.91","189.15","189.26","187.54","6.55M","-0.95%"
"01/12/2024","189.71","190.67","191.08","189.16","6.83M","0.98%"
"01/11/2024","187.87","188.02","188.55","186.56","6.83M","0.20%"
"01/10/2024","187.50","188.14","188.44","187.21","4.50M","-0.23%"
"01/09/2024","187.93","188.68","188.78","187.73","4.44M","0.03%"
"01/08/2024","187.87","187.21","188.74","187.11","6.21M","-0.78%"
"01/05/2024","189.35","189.68","191.26","189.08","7.48M","0.02%"
"01/04/2024","189.32","189.08","189.75","188.69","4.42M","0.10%"
"01/03/2024","189.13","188.77","189.86","188.16","8.66M","-0.83%"
"01/02/2024","190.72","191.44","191.89","190.50","6.03M","-0.24%"
"12/29/2023","191.17","190.99","191.64","190.74","4.61M","-0.16%"
"12/28/2023","191.47","192.34","192.89","191.44","6.17M","-0.58%"
"12/27/2023","192.59","191.77","193.18","191.54","5.81M","0.45%"
"12/26/2023","191.72","190.97","191.74","190.40","4.50M","0.76%"
"12/22/2023","190.27","191.60","191.88","190.07","7.18M","0.44%"
"12/21/2023","189.43","189.21","189.62","188.75","4.62M","0.71%"
"12/20/2023","188.10","188.69","188.96","188.09","6.00M","-0.54%"
"12/19/2023","189.13","188.23","189.72","188.13","6.03M","0.68%"
"12/18/2023","187.85","187.50","188.49","187.24","5.36M","0.45%"
"12/15/2023","187.00","188.52","188.96","186.82","8.32M","-0.92%"
"12/14/2023","188.73","188.86","189.82","188.08","9.11M","0.59%"
"12/13/2023","187.63","183.82","187.66","183.38","10.64M","2.26%"
"12/12/2023","183.49","183.84","183.98","183.26","5.06M","-0.05%"
"12/11/2023","183.59","184.50","184.53","183.15","8.52M","-1.10%"
"12/08/2023","185.64","185.93","186.78","184.90","7.88M","-1.33%"
"12/07/2023","188.15","188.45","188.59","187.26","5.80M","0.17%"
"12/06/2023","187.84","188.32","188.46","187.50","5.78M","0.37%"
"12/05/2023","187.15","187.55","187.88","186.30","7.03M","-0.38%"
"12/04/2023","187.86","189.60","190.38","187.26","18.46M","-2.16%"
"12/01/2023","192.01","188.80","192.40","188.68","16.73M","1.73%"
"11/30/2023","188.75","188.89","189.24","188.28","7.56M","-0.42%"
"11/29/2023","189.54","189.16","189.99","189.02","8.41M","0.15%"
"11/28/2023","189.26","187.90","189.40","187.52","10.90M","1.33%"
"11/27/2023","186.77","186.56","186.80","185.93","6.32M","0.67%"
"11/24/2023","185.52","185.47","185.75","185.16","2.45M","0.52%"
"11/22/2023","184.56","185.47","185.72","184.27","4.34M","-0.43%"
"11/21/2023","185.35","185.57","186.12","185.07","7.32M","1.08%"
"11/20/2023","183.37","182.32","183.48","182.23","5.39M","-0.16%"
"11/17/2023","183.67","183.96","184.13","183.45","4.87M","-0.01%"
"11/16/2023","183.69","182.85","184.32","182.80","8.25M","1.13%"
"11/15/2023","181.64","182.03","182.18","181.31","4.91M","-0.26%"
"11/14/2023","182.12","181.70","182.75","181.62","6.83M","0.89%"
"11/13/2023","180.51","179.40","180.73","179.11","5.39M","0.56%"
"11/10/2023","179.51","180.51","180.59","179.24","7.61M","-1.09%"
"11/09/2023","181.49","180.98","182.28","180.89","6.49M","0.40%"
"11/08/2023","180.77","182.01","182.07","180.57","6.74M","-1.00%"
"11/07/2023","182.59","182.25","182.65","181.75","6.80M","-0.41%"
"11/06/2023","183.35","184.14","184.23","183.34","8.27M","-0.78%"
"11/03/2023","184.79","184.48","185.47","184.35","8.53M","0.36%"
"11/02/2023","184.12","184.13","184.28","183.50","7.34M","0.33%"
"11/01/2023","183.51","183.91","185.00","182.67","9.05M","-0.32%"
"10/31/2023","184.09","185.08","186.21","183.49","10.10M","-0.55%"
"10/30/2023","185.10","185.54","185.70","184.73","8.76M","-0.56%"
"10/27/2023","186.15","183.76","186.36","183.47","14.10M","1.16%"
"10/26/2023","184.01","183.40","184.49","182.87","7.67M","0.16%"
"10/25/2023","183.72","183.42","184.30","182.04","10.09M","0.42%"
"10/24/2023","182.95","182.07","183.40","181.68","6.59M","-0.01%"
"10/23/2023","182.97","183.51","183.56","182.71","9.48M","-0.34%"
"10/20/2023","183.59","183.43","185.23","183.09","12.79M","0.27%"
"10/19/2023","183.09","181.04","183.43","180.82","13.41M","1.23%"
"10/18/2023","180.87","180.89","182.02","179.75","13.92M","1.45%"
"10/17/2023","178.29","178.37","179.13","177.98","8.23M","0.19%"
"10/16/2023","177.96","177.84","178.33","177.54","8.39M","-0.49%"
"10/13/2023","178.83","176.89","179.10","176.72","18.80M","3.21%"
"10/12/2023","173.26","174.06","174.23","173.24","5.91M","-0.30%"
"10/11/2023","173.79","173.60","174.13","173.26","7.13M","0.73%"
"10/10/2023","172.53","172.08","172.79","171.90","5.84M","-0.17%"
"10/09/2023","172.82","171.18","172.86","171.07","10.20M","1.84%"
"10/06/2023","169.70","169.17","170.23","168.50","9.95M","0.52%"
"10/05/2023","168.83","168.74","169.00","168.30","6.97M","-0.18%"
"10/04/2023","169.14","169.21","169.41","168.50","10.03M","-0.01%"
"10/03/2023","169.16","169.14","170.08","168.74","11.46M","-0.29%"
"10/02/2023","169.65","170.23","170.46","169.50","12.71M","-1.05%"
"09/29/2023","171.45","173.92","174.03","171.26","10.43M","-1.03%"
"09/28/2023","173.23","173.91","174.13","172.32","10.06M","-0.50%"
"09/27/2023","174.10","175.27","175.32","173.70","10.92M","-1.24%"
"09/26/2023","176.28","176.82","177.14","176.16","7.18M","-0.80%"
"09/25/2023","177.70","178.41","178.71","177.64","5.58M","-0.52%"
"09/22/2023","178.62","178.65","178.95","178.51","3.64M","0.32%"
"09/21/2023","178.05","177.86","178.49","177.69","7.57M","-0.72%"
"09/20/2023","179.35","179.34","180.66","179.32","9.33M","0.07%"
"09/19/2023","179.22","179.54","179.65","179.03","4.23M","-0.09%"
"09/18/2023","179.39","178.82","179.41","178.38","5.05M","0.59%"
"09/15/2023","178.34","178.55","179.10","178.34","5.62M","0.66%"
"09/14/2023","177.17","176.50","177.39","176.36","6.18M","0.05%"
"09/13/2023","177.08","177.53","177.75","177.04","3.87M","-0.23%"
"09/12/2023","177.49","177.11","177.70","177.05","4.45M","-0.52%"
"09/11/2023","178.41","178.97","179.07","178.26","3.69M","0.19%"
"09/08/2023","178.08","178.36","179.04","177.90","3.29M","0.03%"
"09/07/2023","178.02","178.31","178.37","177.90","3.26M","0.11%"
"09/06/2023","177.83","178.33","179.01","177.70","6.43M","-0.45%"
"09/05/2023","178.64","179.33","179.44","178.64","7.06M","-0.82%"
"09/01/2023","180.11","180.80","181.12","179.51","4.97M","0.05%"
"08/31/2023","180.02","180.37","180.49","179.94","4.80M","-0.17%"
"08/30/2023","180.32","180.58","180.88","180.29","6.59M","0.25%"
"08/29/2023","179.87","178.03","179.88","177.90","7.58M","0.98%"
"08/28/2023","178.13","177.65","178.73","177.51","4.74M","0.29%"
"08/25/2023","177.62","177.58","178.38","176.63","6.13M","-0.13%"
"08/24/2023","177.85","177.66","178.49","177.41","5.53M","-0.02%"
"08/23/2023","177.89","177.32","178.22","177.07","7.95M","1.02%"
"08/22/2023","176.10","175.83","176.25","175.31","5.89M","0.16%"
"08/21/2023","175.81","175.90","175.94","174.96","4.21M","0.27%"
"08/18/2023","175.33","175.83","176.05","175.10","6.25M","0.02%"
"08/17/2023","175.30","176.53","176.56","174.93","7.94M","-0.15%"
"08/16/2023","175.57","176.62","176.95","175.56","6.56M","-0.58%"
"08/15/2023","176.59","176.75","177.43","176.33","7.58M","-0.27%"
"08/14/2023","177.06","176.86","177.58","176.58","9.55M","-0.30%"
"08/11/2023","177.60","177.70","178.36","177.49","5.29M","0.00%"
"08/10/2023","177.60","178.22","178.70","177.54","5.93M","-0.11%"
"08/09/2023","177.79","178.68","178.92","177.78","4.64M","-0.48%"
"08/08/2023","178.64","178.64","179.33","178.46","6.16M","-0.63%"
"08/07/2023","179.78","180.15","180.15","179.27","4.51M","-0.23%"
"08/04/2023","180.19","180.25","180.77","179.85","5.33M","0.36%"
"08/03/2023","179.54","179.44","179.95","179.28","4.64M","-0.03%"
"08/02/2023","179.60","180.57","180.79","179.41","6.35M","-0.48%"
"08/01/2023","180.46","180.85","181.38","180.19","6.29M","-1.04%"
"07/31/2023","182.35","182.43","183.09","182.31","5.50M","0.27%"
"07/28/2023","181.86","181.48","182.27","181.25","3.83M","0.80%"
"07/27/2023","180.42","181.64","181.64","180.32","7.59M","-1.57%"
"07/26/2023","183.30","182.66","183.64","182.31","6.16M","0.49%"
"07/25/2023","182.41","181.72","182.47","181.10","4.09M","0.56%"
"07/24/2023","181.40","182.22","182.54","181.34","4.37M","-0.43%"
"07/21/2023","182.18","182.06","182.46","181.68","3.85M","-0.31%"
"07/20/2023","182.74","183.73","183.77","182.47","4.97M","-0.51%"
"07/19/2023","183.67","183.45","183.84","182.87","3.91M","0.02%"
"07/18/2023","183.64","182.79","184.23","182.32","8.24M","1.15%"
"07/17/2023","181.56","180.99","181.63","180.64","4.15M","0.07%"
"07/14/2023","181.43","181.59","182.17","181.11","5.39M","-0.32%"
"07/13/2023","182.01","181.96","182.15","181.49","4.53M","0.07%"
"07/12/2023","181.88","181.18","181.95","181.10","7.06M","1.35%"
"07/11/2023","179.45","179.43","179.71","179.13","2.82M","0.37%"
"07/10/2023","178.78","178.37","178.92","178.26","3.32M","0.08%"
"07/07/2023","178.64","178.38","179.65","178.35","5.20M","0.75%"
"07/06/2023","177.31","177.51","177.80","176.66","5.13M","-0.30%"
"07/05/2023","177.84","179.41","179.42","177.82","5.65M","-0.35%"
"07/03/2023","178.47","178.61","179.34","178.46","4.09M","0.11%"
"06/30/2023","178.27","177.69","178.53","177.32","6.42M","0.67%"
"06/29/2023","177.09","175.83","177.63","175.79","6.86M","-0.11%"
"06/28/2023","177.28","177.23","177.68","176.70","5.87M","-0.23%"
"06/27/2023","177.69","179.07","179.29","177.43","5.04M","-0.46%"
"06/26/2023","178.51","179.05","179.07","178.42","3.22M","0.17%"
"06/23/2023","178.20","179.60","179.95","178.09","5.42M","0.28%"
"06/22/2023","177.71","178.36","178.99","177.63","7.95M","-0.99%"
"06/21/2023","179.49","179.15","179.95","178.19","6.70M","-0.14%"
"06/20/2023","179.75","180.06","180.09","179.22","7.59M","-1.04%"
"06/16/2023","181.63","181.93","182.62","181.41","8.78M","-0.15%"
"06/15/2023","181.91","180.28","182.05","180.18","6.74M","0.70%"
"06/14/2023","180.64","181.69","181.96","180.14","6.81M","0.06%"
"06/13/2023","180.54","182.10","182.43","180.16","5.13M","-0.74%"
"06/12/2023","181.88","181.80","181.94","181.04","4.88M","-0.09%"
"06/09/2023","182.04","182.36","182.79","181.72","4.38M","-0.27%"
"06/08/2023","182.53","182.00","183.04","181.96","6.39M","1.32%"
"06/07/2023","180.15","181.94","183.00","180.15","9.07M","-1.20%"
"06/06/2023","182.34","182.36","182.65","181.52","4.97M","0.11%"
"06/05/2023","182.14","180.79","182.44","180.60","6.40M","0.60%"
"06/02/2023","181.05","183.53","183.56","180.96","8.73M","-1.47%"
"06/01/2023","183.76","182.81","184.21","182.72","7.30M","0.79%"
"05/31/2023","182.32","182.39","183.45","182.10","8.50M","0.15%"
"05/30/2023","182.04","181.72","182.40","181.17","4.91M","0.62%"
"05/26/2023","180.92","181.01","181.30","180.09","5.82M","0.40%"
"05/25/2023","180.20","181.18","181.31","180.10","6.92M","-0.96%"
"05/24/2023","181.95","183.54","183.54","181.77","6.73M","-0.81%"
"05/23/2023","183.43","182.78","183.76","182.48","6.35M","0.12%"
"05/22/2023","183.21","183.22","183.84","182.91","4.83M","-0.23%"
"05/19/2023","183.64","182.25","184.34","181.81","8.43M","0.99%"
"05/18/2023","181.84","182.10","182.28","181.34","8.81M","-1.30%"
"05/17/2023","184.23","184.30","184.45","183.48","7.47M","-0.35%"
"05/16/2023","184.87","186.58","186.82","184.46","9.53M","-1.25%"
"05/15/2023","187.21","187.30","187.88","187.03","5.52M","0.21%"
"05/12/2023","186.81","187.43","187.92","186.58","7.09M","-0.17%"
"05/11/2023","187.13","188.44","188.81","186.86","8.25M","-0.86%"
"05/10/2023","188.75","188.98","189.64","187.82","9.39M","-0.14%"
"05/09/2023","189.02","188.12","189.33","188.07","7.10M","0.71%"
"05/08/2023","187.69","187.82","188.67","187.49","6.08M","0.12%"
"05/05/2023","187.46","186.56","187.58","185.77","12.51M","-1.56%"
"05/04/2023","190.44","188.86","191.36","188.81","14.15M","0.70%"
"05/03/2023","189.11","187.61","189.21","186.93","11.13M","0.85%"
"05/02/2023","187.52","184.65","187.64","184.51","13.55M","1.93%"
"05/01/2023","183.97","186.05","186.22","183.91","8.00M","-0.45%"
"04/28/2023","184.80","184.79","185.38","184.17","6.70M","0.03%"
"04/27/2023","184.75","183.90","184.99","183.38","9.11M","0.01%"
"04/26/2023","184.74","186.63","186.65","184.30","8.20M","-0.54%"
"04/25/2023","185.75","184.84","186.22","184.30","8.45M","0.51%"
"04/24/2023","184.81","184.07","185.02","183.46","8.30M","0.30%"
"04/21/2023","184.25","184.98","185.68","183.22","10.70M","-0.99%"
"04/20/2023","186.09","186.14","187.03","185.78","5.79M","0.39%"
"04/19/2023","185.36","184.35","185.58","184.28","7.37M","-0.48%"
"04/18/2023","186.25","185.24","186.99","185.04","8.06M","0.39%"
"04/17/2023","185.53","185.89","185.93","184.10","7.47M","-0.45%"
"04/14/2023","186.36","188.08","188.49","185.17","13.27M","-1.77%"
"04/13/2023","189.72","189.76","190.41","188.99","14.06M","1.35%"
"04/12/2023","187.19","187.54","187.66","185.97","10.00M","0.49%"
"04/11/2023","186.28","185.90","186.51","185.63","6.03M","0.63%"
"04/10/2023","185.11","185.18","185.36","184.19","6.41M","-0.74%"
"04/06/2023","186.49","186.89","187.26","185.95","6.65M","-0.71%"
"04/05/2023","187.83","188.34","188.86","186.78","11.44M","-0.08%"
"04/04/2023","187.98","184.72","188.23","184.66","13.77M","1.86%"
"04/03/2023","184.54","183.85","185.04","183.32","9.21M","0.72%"
"03/31/2023","183.22","184.11","184.42","182.80","8.00M","-0.52%"
"03/30/2023","184.18","182.75","184.44","182.55","6.36M","0.90%"
"03/29/2023","182.53","182.49","183.27","182.24","5.00M","-0.50%"
"03/28/2023","183.44","182.31","183.62","182.12","6.20M","0.82%"
"03/27/2023","181.95","181.15","182.15","180.69","6.93M","-0.93%"
"03/24/2023","183.65","185.61","185.99","183.62","9.25M","-1.13%"
"03/23/2023","185.74","183.91","186.24","183.60","11.35M","1.25%"
"03/22/2023","183.44","180.40","183.94","180.28","11.97M","1.70%"
"03/21/2023","180.37","182.65","182.73","179.90","10.73M","-1.89%"
"03/20/2023","183.84","184.19","184.54","182.74","11.85M","0.04%"
"03/17/2023","183.77","181.02","184.81","180.77","24.16M","2.91%"
"03/16/2023","178.57","179.51","179.65","177.87","10.76M","0.20%"
"03/15/2023","178.21","178.86","180.13","177.49","14.55M","0.78%"
"03/14/2023","176.83","177.35","177.59","176.21","10.02M","-0.58%"
"03/13/2023","177.86","176.66","178.02","176.30","20.55M","2.29%"
"03/10/2023","173.87","171.93","173.88","171.92","13.80M","2.16%"
"03/09/2023","170.20","169.75","170.65","169.71","5.58M","0.98%"
"03/08/2023","168.54","168.61","169.59","168.52","5.72M","-0.05%"
"03/07/2023","168.62","170.42","170.47","168.52","8.71M","-1.75%"
"03/06/2023","171.62","172.32","172.37","171.54","4.26M","-0.50%"
"03/03/2023","172.49","171.45","172.60","170.98","6.89M","1.07%"
"03/02/2023","170.66","170.52","170.98","170.36","3.95M","-0.06%"
"03/01/2023","170.76","170.95","171.49","170.47","6.59M","0.58%"
"02/28/2023","169.78","168.78","170.25","168.59","6.76M","0.46%"
"02/27/2023","169.01","168.88","169.23","168.55","4.51M","0.39%"
"02/24/2023","168.35","168.42","168.84","168.19","6.50M","-0.72%"
"02/23/2023","169.57","169.84","170.13","169.08","5.07M","-0.05%"
"02/22/2023","169.66","170.81","170.96","169.56","4.11M","-0.56%"
"02/21/2023","170.62","171.20","171.50","170.34","4.04M","-0.37%"
"02/17/2023","171.26","169.87","171.47","169.52","4.81M","0.30%"
"02/16/2023","170.75","170.34","171.60","169.96","4.54M","-0.08%"
"02/15/2023","170.89","170.60","170.99","170.16","5.44M","-1.00%"
"02/14/2023","172.61","171.97","173.51","171.41","5.40M","0.08%"
"02/13/2023","172.48","172.70","172.90","172.07","3.97M","-0.51%"
"02/10/2023","173.36","173.63","173.68","172.63","2.97M","0.19%"
"02/09/2023","173.03","175.49","175.52","172.87","5.36M","-0.79%"
"02/08/2023","174.41","174.94","174.99","173.83","4.08M","0.25%"
"02/07/2023","173.98","173.72","175.27","173.47","6.79M","0.09%"
"02/06/2023","173.82","174.11","174.46","173.28","8.96M","0.21%"
"02/03/2023","173.46","174.92","175.43","173.12","13.67M","-2.50%"
"02/02/2023","177.90","181.08","181.11","177.74","8.84M","-2.08%"
"02/01/2023","181.67","179.75","181.73","178.63","8.00M","1.26%"
"01/31/2023","179.41","178.82","179.70","178.54","5.98M","0.36%"
"01/30/2023","178.76","179.29","179.43","178.65","4.21M","-0.26%"
"01/27/2023","179.22","179.27","179.72","178.26","6.05M","-0.14%"
"01/26/2023","179.47","180.15","180.26","178.46","5.86M","-0.91%"
"01/25/2023","181.11","179.35","181.22","179.29","6.93M","0.46%"
"01/24/2023","180.28","179.56","180.32","178.35","4.60M","0.36%"
"01/23/2023","179.63","178.35","179.69","177.78","5.27M","0.19%"
"01/20/2023","179.29","179.06","179.66","178.65","5.75M","-0.33%"
"01/19/2023","179.89","178.37","180.03","178.09","6.68M","1.59%"
"01/18/2023","177.08","178.92","179.18","176.90","5.38M","-0.29%"
"01/17/2023","177.59","178.21","178.24","177.09","6.61M","-0.65%"
"01/13/2023","178.76","176.96","178.82","176.89","7.47M","1.20%"
"01/12/2023","176.64","176.01","176.71","174.88","6.94M","1.16%"
"01/11/2023","174.62","174.76","174.79","173.72","3.37M","-0.07%"
"01/10/2023","174.74","174.61","174.98","174.06","4.40M","0.37%"
"01/09/2023","174.10","174.51","175.04","173.88","5.13M","0.22%"
"01/06/2023","173.71","171.76","173.96","171.23","7.89M","1.87%"
"01/05/2023","170.52","170.82","171.00","169.79","4.69M","-1.25%"
"01/04/2023","172.67","172.86","173.09","171.85","7.57M","0.94%"
"01/03/2023","171.06","171.32","172.09","170.02","7.99M","0.84%"
"12/30/2022","169.64","169.26","169.90","168.79","2.86M","0.47%"
"12/29/2022","168.85","168.54","169.35","168.52","3.35M","0.56%"
"12/28/2022","167.91","168.05","168.34","167.10","3.66M","-0.45%"
"12/27/2022","168.67","167.89","170.61","167.80","6.89M","0.84%"
"12/23/2022","167.26","166.88","167.79","166.66","2.91M","0.30%"
"12/22/2022","166.76","167.76","167.76","166.06","5.67M","-1.21%"
"12/21/2022","168.80","169.04","169.71","168.68","3.99M","-0.17%"
"12/20/2022","169.08","168.10","169.53","168.03","7.80M","1.66%"
"12/19/2022","166.32","166.71","167.11","165.99","3.94M","-0.28%"
"12/16/2022","166.79","166.02","166.98","165.84","5.37M","0.87%"
"12/15/2022","165.35","165.73","166.21","165.10","8.37M","-1.64%"
"12/14/2022","168.10","168.43","168.81","167.14","5.64M","-0.24%"
"12/13/2022","168.51","169.21","169.79","168.02","6.75M","1.71%"
"12/12/2022","165.68","166.44","166.60","165.43","3.50M","-0.83%"
"12/09/2022","167.06","167.26","168.09","166.60","5.43M","0.35%"
"12/08/2022","166.47","166.58","167.04","166.07","3.22M","0.08%"
"12/07/2022","166.33","165.47","166.64","165.32","4.61M","0.90%"
"12/06/2022","164.84","165.20","165.54","164.45","3.60M","0.27%"
"12/05/2022","164.39","166.55","166.72","164.32","5.44M","-1.72%"
"12/02/2022","167.26","166.18","167.47","165.76","5.19M","-0.35%"
"12/01/2022","167.84","167.48","167.95","166.98","8.63M","1.84%"
"11/30/2022","164.81","163.69","164.81","162.40","4.87M","1.28%"
"11/29/2022","162.73","162.70","163.63","162.60","2.62M","0.49%"
"11/28/2022","161.93","162.93","163.06","161.91","4.05M","-0.79%"
"11/25/2022","163.22","162.85","163.43","162.76","1.44M","0.09%"
"11/23/2022","163.08","161.69","163.24","161.56","4.17M","0.62%"
"11/22/2022","162.07","162.30","162.60","161.72","3.20M","0.12%"
"11/21/2022","161.88","162.44","162.50","161.28","4.77M","-0.56%"
"11/18/2022","162.79","163.38","163.69","162.68","4.32M","-0.69%"
"11/17/2022","163.92","163.79","164.11","163.40","4.58M","-0.73%"
"11/16/2022","165.12","165.41","165.71","164.83","3.65M","-0.23%"
"11/15/2022","165.50","165.27","166.23","164.56","9.90M","0.35%"
"11/14/2022","164.92","164.20","165.24","164.15","6.19M","0.22%"
"11/11/2022","164.56","163.91","164.58","163.42","4.62M","0.66%"
"11/10/2022","163.48","162.01","163.51","161.65","9.94M","3.04%"
"11/09/2022","158.65","159.36","160.35","158.45","6.04M","-0.50%"
"11/08/2022","159.45","155.99","159.87","155.98","11.30M","2.31%"
"11/07/2022","155.85","156.22","156.57","155.81","4.43M","-0.40%"
"11/04/2022","156.47","154.95","156.60","154.66","7.69M","3.07%"
"11/03/2022","151.81","150.70","151.96","150.57","5.38M","-0.38%"
"11/02/2022","152.39","154.16","155.42","152.26","7.22M","-0.70%"
"11/01/2022","153.46","153.82","153.98","152.87","4.60M","1.02%"
"10/31/2022","151.91","152.16","152.87","151.89","6.10M","-0.82%"
"10/28/2022","153.16","152.96","153.54","152.50","4.65M","-1.02%"
"10/27/2022","154.74","154.71","155.09","154.22","3.65M","-0.15%"
"10/26/2022","154.98","154.78","155.73","154.78","4.45M","0.64%"
"10/25/2022","154.00","153.96","154.79","153.83","3.43M","0.23%"
"10/24/2022","153.65","153.45","154.06","153.06","4.67M","-0.32%"
"10/21/2022","154.15","151.98","154.31","151.83","6.90M","1.78%"
"10/20/2022","151.45","151.92","153.23","151.27","5.02M","-0.16%"
"10/19/2022","151.69","152.09","152.49","151.54","8.26M","-1.34%"
"10/18/2022","153.75","154.08","154.24","153.24","4.53M","0.22%"
"10/17/2022","153.42","154.92","155.33","153.32","4.35M","0.29%"
"10/14/2022","152.98","154.02","154.20","152.72","5.47M","-1.25%"
"10/13/2022","154.91","153.48","155.73","152.92","7.08M","-0.69%"
"10/12/2022","155.99","155.51","156.29","155.26","4.00M","0.53%"
"10/11/2022","155.16","155.49","156.81","154.92","5.31M","-0.21%"
"10/10/2022","155.48","155.94","156.35","155.12","6.11M","-1.52%"
"10/07/2022","157.88","158.46","158.98","157.68","5.03M","-1.10%"
"10/06/2022","159.63","159.41","159.94","158.95","5.71M","-0.11%"
"10/05/2022","159.81","159.32","160.08","158.38","5.30M","-0.55%"
"10/04/2022","160.70","159.18","161.08","158.92","8.02M","1.43%"
"10/03/2022","158.43","155.44","158.48","155.23","10.36M","2.43%"
"09/30/2022","154.67","154.94","156.04","154.57","6.83M","0.01%"
"09/29/2022","154.66","154.14","155.03","153.16","6.32M","-0.02%"
"09/28/2022","154.69","153.20","154.88","152.93","8.98M","2.08%"
"09/27/2022","151.54","152.25","152.73","151.50","7.15M","0.20%"
"09/26/2022","151.23","153.22","153.51","151.03","8.24M","-1.16%"
"09/23/2022","153.01","153.90","154.00","152.64","9.60M","-1.73%"
"09/22/2022","155.70","156.26","156.48","155.31","5.98M","-0.06%"
"09/21/2022","155.79","155.97","157.25","154.01","7.82M","0.46%"
"09/20/2022","155.07","155.03","155.23","154.59","5.94M","-0.57%"
"09/19/2022","155.96","154.87","156.04","154.82","5.58M","0.08%"
"09/16/2022","155.84","154.66","156.56","154.34","7.14M","0.55%"
"09/15/2022","154.98","156.76","157.49","154.62","13.18M","-1.87%"
"09/14/2022","157.93","158.68","158.98","157.73","6.09M","-0.38%"
"09/13/2022","158.54","158.47","159.27","158.39","6.53M","-1.30%"
"09/12/2022","160.63","161.04","161.62","160.55","4.54M","0.51%"
"09/09/2022","159.82","159.72","160.24","159.41","3.93M","0.53%"
"09/08/2022","158.98","159.54","159.86","158.71","4.61M","-0.60%"
"09/07/2022","159.94","158.15","160.15","158.08","3.98M","1.02%"
"09/06/2022","158.33","159.17","159.46","158.32","4.86M","-0.58%"
"09/02/2022","159.26","159.35","160.06","159.14","5.20M","0.88%"
"09/01/2022","157.87","158.17","158.39","157.32","7.39M","-0.88%"
"08/31/2022","159.27","159.50","160.57","159.26","5.44M","-0.77%"
"08/30/2022","160.51","161.27","161.43","160.34","4.86M","-0.83%"
"08/29/2022","161.86","161.88","162.62","161.70","4.70M","0.06%"
"08/26/2022","161.76","163.12","163.61","161.55","6.69M","-1.22%"
"08/25/2022","163.75","163.97","163.99","163.24","2.86M","0.31%"
"08/24/2022","163.25","162.44","163.61","162.37","3.20M","0.29%"
"08/23/2022","162.77","161.96","163.43","161.91","4.43M","0.70%"
"08/22/2022","161.64","161.66","162.12","161.36","4.46M","-0.66%"
"08/19/2022","162.72","163.65","163.74","162.62","8.17M","-0.73%"
"08/18/2022","163.92","164.60","164.91","163.54","3.65M","-0.26%"
"08/17/2022","164.35","165.21","165.23","163.95","5.57M","-0.65%"
"08/16/2022","165.42","165.31","165.72","165.18","4.29M","-0.18%"
"08/15/2022","165.71","165.99","166.25","165.44","5.24M","-1.29%"
"08/12/2022","167.87","167.17","167.94","166.83","5.15M","0.92%"
"08/11/2022","166.34","167.16","167.66","166.31","4.45M","-0.26%"
"08/10/2022","166.78","167.39","167.98","166.62","4.08M","-0.25%"
"08/09/2022","167.20","167.48","167.80","166.82","3.21M","0.31%"
"08/08/2022","166.69","166.03","166.81","165.93","3.46M","0.85%"
"08/05/2022","165.29","164.99","165.84","164.87","6.02M","-1.12%"
"08/04/2022","167.17","165.53","167.31","165.34","5.50M","1.65%"
"08/03/2022","164.45","164.77","164.91","163.48","4.42M","0.24%"
"08/02/2022","164.05","165.66","166.46","164.02","5.73M","-0.59%"
"08/01/2022","165.03","164.98","165.41","164.41","4.67M","0.57%"
"07/29/2022","164.10","163.89","164.69","163.28","7.54M","0.28%"
"07/28/2022","163.64","163.31","163.76","162.88","5.61M","1.22%"
"07/27/2022","161.67","160.02","162.21","159.51","5.71M","1.02%"
"07/26/2022","160.04","160.23","160.50","159.79","2.67M","-0.12%"
"07/25/2022","160.23","160.64","160.70","159.81","3.71M","-0.27%"
"07/22/2022","160.67","160.55","162.13","160.35","5.73M","0.25%"
"07/21/2022","160.27","158.31","160.31","158.27","5.86M","1.41%"
"07/20/2022","158.04","159.71","159.82","158.02","4.80M","-0.94%"
"07/19/2022","159.54","159.47","159.87","159.33","3.80M","0.24%"
"07/18/2022","159.16","160.08","160.43","159.05","5.79M","0.09%"
"07/15/2022","159.01","159.01","159.25","158.35","6.78M","-0.20%"
"07/14/2022","159.33","159.02","159.83","158.22","12.21M","-1.40%"
"07/13/2022","161.60","160.10","162.71","160.06","8.46M","0.48%"
"07/12/2022","160.83","161.22","161.62","160.72","5.38M","-0.37%"
"07/11/2022","161.43","161.93","162.43","161.38","4.32M","-0.54%"
"07/08/2022","162.30","162.35","163.38","161.84","4.58M","0.04%"
"07/07/2022","162.23","162.43","163.04","162.06","4.59M","0.06%"
"07/06/2022","162.14","164.32","164.57","161.47","11.86M","-1.58%"
"07/05/2022","164.75","167.18","167.33","164.41","14.04M","-2.12%"
"07/01/2022","168.32","167.13","168.68","166.96","11.38M","-0.08%"
"06/30/2022","168.46","169.51","169.96","168.24","9.14M","-0.61%"
"06/29/2022","169.49","170.58","170.70","169.17","4.79M","-0.08%"
"06/28/2022","169.62","170.07","170.21","169.51","2.98M","-0.16%"
"06/27/2022","169.90","170.60","170.67","169.75","5.72M","-0.11%"
"06/24/2022","170.09","170.24","170.74","169.85","6.14M","-0.10%"
"06/23/2022","170.26","171.39","172.13","169.90","6.54M","-0.61%"
"06/22/2022","171.31","171.61","172.30","171.10","6.56M","0.40%"
"06/21/2022","170.63","171.06","171.91","170.47","5.61M","-0.37%"
"06/17/2022","171.27","172.15","172.30","170.97","7.41M","-0.82%"
"06/16/2022","172.69","170.56","172.77","170.17","8.82M","1.12%"
"06/15/2022","170.77","170.40","171.84","169.08","9.00M","1.31%"
"06/14/2022","168.57","169.61","169.73","168.30","7.35M","-0.80%"
"06/13/2022","169.93","171.18","171.34","169.61","13.27M","-2.64%"
"06/10/2022","174.54","170.89","174.94","170.46","16.86M","1.34%"
"06/09/2022","172.23","172.45","172.59","171.58","4.70M","-0.32%"
"06/08/2022","172.78","172.89","173.45","172.67","5.14M","-0.09%"
"06/07/2022","172.94","172.11","173.05","171.99","3.86M","0.65%"
"06/06/2022","171.82","172.81","172.89","171.65","3.77M","-0.44%"
"06/03/2022","172.58","173.53","173.96","172.25","5.52M","-1.02%"
"06/02/2022","174.35","173.66","174.45","173.49","5.62M","1.23%"
"06/01/2022","172.23","172.21","172.53","171.39","6.95M","0.64%"
"05/31/2022","171.14","172.71","173.07","171.08","6.24M","-0.99%"
"05/27/2022","172.85","173.49","173.52","172.64","3.85M","0.05%"
"05/26/2022","172.76","172.13","172.93","171.76","6.47M","-0.18%"
"05/25/2022","173.08","172.79","173.16","171.73","4.60M","-0.60%"
"05/24/2022","174.13","173.47","174.41","173.35","6.79M","0.75%"
"05/23/2022","172.83","173.13","173.38","172.28","5.52M","0.47%"
"05/20/2022","172.03","171.71","172.24","170.89","6.58M","0.07%"
"05/19/2022","171.91","171.55","172.52","170.89","10.58M","1.47%"
"05/18/2022","169.42","169.01","170.21","168.81","7.47M","0.05%"
"05/17/2022","169.33","170.44","170.53","169.14","6.44M","-0.63%"
"05/16/2022","170.40","168.43","170.43","168.34","7.32M","0.95%"
"05/13/2022","168.79","168.31","169.62","168.01","13.03M","-0.81%"
"05/12/2022","170.17","172.07","172.40","169.90","11.56M","-1.53%"
"05/11/2022","172.82","172.51","173.32","172.20","9.16M","0.82%"
"05/10/2022","171.42","173.80","173.96","171.20","11.00M","-0.84%"
"05/09/2022","172.88","174.27","174.27","172.79","10.74M","-1.45%"
"05/06/2022","175.42","175.39","176.56","174.86","7.64M","0.17%"
"05/05/2022","175.13","177.56","177.61","174.66","12.79M","-0.38%"
"05/04/2022","175.80","174.32","176.35","173.67","10.49M","0.98%"
"05/03/2022","174.09","173.89","175.21","173.85","7.21M","0.26%"
"05/02/2022","173.63","173.61","174.65","172.98","14.32M","-1.85%"
"04/29/2022","176.91","178.07","178.60","176.72","7.72M","-0.01%"
"04/28/2022","176.93","175.92","176.96","175.69","6.38M","0.54%"
"04/27/2022","175.98","176.46","176.64","175.50","8.85M","-0.76%"
"04/26/2022","177.32","177.95","178.30","176.91","9.04M","0.15%"
"04/25/2022","177.05","177.15","177.51","176.49","12.95M","-1.80%"
"04/22/2022","180.29","180.72","181.60","179.74","9.15M","-0.97%"
"04/21/2022","182.06","181.77","182.32","180.77","9.64M","-0.36%"
"04/20/2022","182.71","181.59","182.72","181.35","7.04M","0.49%"
"04/19/2022","181.82","183.19","183.65","181.33","12.38M","-1.51%"
"04/18/2022","184.61","185.95","186.10","184.39","8.89M","0.31%"
"04/14/2022","184.04","184.28","184.41","182.88","11.57M","-0.33%"
"04/13/2022","184.65","184.50","184.94","184.13","8.63M","0.48%"
"04/12/2022","183.77","184.04","184.64","182.96","11.97M","0.77%"
"04/11/2022","182.37","183.17","183.33","181.11","10.02M","0.50%"
"04/08/2022","181.47","180.52","181.82","180.52","10.66M","0.63%"
"04/07/2022","180.34","179.87","180.88","179.80","10.12M","0.38%"
"04/06/2022","179.66","179.78","180.31","178.70","8.94M","0.23%"
"04/05/2022","179.24","180.91","181.49","178.93","10.79M","-0.63%"
"04/04/2022","180.37","180.24","180.81","179.58","7.01M","0.48%"
"04/01/2022","179.50","179.55","180.46","178.98","13.03M","-0.64%"
"03/31/2022","180.65","180.91","181.96","180.56","9.68M","0.04%"
"03/30/2022","180.58","179.76","180.92","179.68","8.26M","0.80%"
"03/29/2022","179.14","177.02","179.33","176.69","10.16M","0.04%"
"03/28/2022","179.06","180.38","181.32","178.85","9.33M","-1.82%"
"03/25/2022","182.38","181.81","183.13","181.35","7.91M","-0.41%"
"03/24/2022","183.13","182.35","183.51","181.77","10.51M","0.73%"
"03/23/2022","181.81","180.29","181.89","179.76","12.53M","1.37%"
"03/22/2022","179.36","179.60","179.71","178.32","9.62M","-0.73%"
"03/21/2022","180.67","179.33","181.29","179.32","10.58M","0.76%"
"03/18/2022","179.30","179.93","180.93","179.04","14.00M","-0.88%"
"03/17/2022","180.89","181.16","182.03","180.65","10.89M","0.49%"
"03/16/2022","180.01","179.13","180.12","176.87","17.38M","0.63%"
"03/15/2022","178.89","179.10","180.27","178.01","16.94M","-1.87%"
"03/14/2022","182.30","183.03","183.29","181.95","13.19M","-1.51%"
"03/11/2022","185.09","183.74","185.78","183.44","14.82M","-0.70%"
"03/10/2022","186.40","186.88","187.38","184.99","17.55M","0.31%"
"03/09/2022","185.82","186.04","187.23","184.76","26.80M","-2.97%"
"03/08/2022","191.51","188.35","193.30","188.26","47.26M","2.74%"
"03/07/2022","186.41","184.45","186.64","184.22","26.97M","1.49%"
"03/04/2022","183.68","182.11","183.98","181.36","22.41M","1.59%"
"03/03/2022","180.80","179.96","181.30","179.50","15.16M","0.60%"
"03/02/2022","179.73","180.13","180.71","178.79","19.62M","-1.04%"
"03/01/2022","181.62","179.05","181.76","179.03","21.67M","1.82%"
"02/28/2022","178.38","178.86","178.99","176.50","15.98M","1.04%"
"02/25/2022","176.55","176.42","176.79","175.79","11.53M","-0.33%"
"02/24/2022","177.14","182.59","182.60","175.27","32.37M","-0.65%"
"02/23/2022","178.29","177.39","178.39","177.36","11.67M","0.45%"
"02/22/2022","177.49","177.67","178.07","176.82","14.81M","0.21%"
"02/18/2022","177.12","177.07","177.25","176.51","12.76M","-0.07%"
"02/17/2022","177.25","176.70","177.53","176.39","18.56M","1.37%"
"02/16/2022","174.86","173.49","174.86","173.48","12.70M","1.03%"
"02/15/2022","173.08","173.10","173.34","172.39","12.39M","-0.95%"
"02/14/2022","174.74","173.78","175.00","173.68","13.38M","0.54%"
"02/11/2022","173.81","170.75","174.20","170.71","25.74M","1.91%"
"02/10/2022","170.56","170.52","171.99","170.46","10.51M","-0.38%"
"02/09/2022","171.21","170.68","171.42","170.55","7.77M","0.34%"
"02/08/2022","170.63","170.10","170.78","169.95","5.80M","0.31%"
"02/07/2022","170.11","169.45","170.30","169.19","7.76M","0.74%"
"02/04/2022","168.86","168.04","169.10","167.99","9.62M","0.15%"
"02/03/2022","168.60","168.31","168.82","167.03","10.61M","-0.14%"
"02/02/2022","168.84","168.34","169.12","168.15","8.95M","0.36%"
"02/01/2022","168.23","168.57","168.85","167.87","9.73M","0.08%"
"01/31/2022","168.09","167.79","168.14","167.46","8.33M","0.59%"
"01/28/2022","167.10","166.56","167.46","166.37","9.78M","-0.30%"
"01/27/2022","167.60","168.02","169.09","167.32","15.58M","-1.29%"
"01/26/2022","169.79","171.39","171.73","169.48","17.63M","-1.62%"
"01/25/2022","172.58","171.95","173.15","171.77","16.94M","0.32%"
"01/24/2022","172.03","171.78","172.14","170.85","14.99M","0.55%"
"01/21/2022","171.09","172.04","172.12","170.74","10.98M","-0.33%"
"01/20/2022","171.65","172.31","172.60","171.59","9.49M","-0.25%"
"01/19/2022","172.08","170.39","172.19","170.20","15.73M","1.59%"
"01/18/2022","169.39","169.64","170.01","169.09","9.10M","-0.17%"
"01/14/2022","169.67","170.22","170.56","169.48","7.87M","-0.29%"
"01/13/2022","170.16","170.09","170.22","169.27","6.65M","-0.34%"
"01/12/2022","170.74","170.19","170.75","170.01","6.18M","0.26%"
"01/11/2022","170.29","168.44","170.31","168.37","8.32M","1.21%"
"01/10/2022","168.26","167.36","168.30","167.31","6.84M","0.30%"
"01/07/2022","167.75","167.37","168.01","166.86","8.19M","0.46%"
"01/06/2022","166.99","167.16","167.75","166.86","10.50M","-1.22%"
"01/05/2022","169.06","170.62","170.93","168.90","8.58M","-0.30%"
"01/04/2022","169.57","168.90","169.72","168.73","6.93M","0.74%"
"01/03/2022","168.33","168.86","169.01","168.00","8.91M","-1.54%"